Employee_ID,Clips,Days_With_Footage,Footage_Hours,Gaps,Average_Clips_per_Day,Average_Footage_Hours_per_Day,Average_Clip_Length,Average_Gaps_per_Day
9001005,59,16,112.52333333333333,0,3.6875,7.032708333333333,1.9071751412429379,0
9001007,91,16,93.83277777777778,73,5.6875,5.864548611111111,1.0311294261294262,4.5625
9001014,29,11,11.872222222222222,8,2.6363636363636362,1.0792929292929292,0.4093869731800766,0.7272727272727273
9001018,35,9,80.16916666666667,0,3.888888888888889,8.907685185185185,2.290547619047619,0
9001019,27,4,27.59611111111111,3,6.75,6.8990277777777775,1.0220781893004116,0.75
9001038,63,14,102.06555555555556,13,4.5,7.290396825396826,1.6200881834215168,0.9285714285714286
9001039,1,1,0.04861111111111111,0,1,0.04861111111111111,0.04861111111111111,0
9001042,26,3,25.858055555555556,1,8.666666666666666,8.619351851851851,0.9945405982905983,0.3333333333333333
9001044,50,13,75.01333333333334,12,3.8461538461538463,5.77025641025641,1.5002666666666666,0.9230769230769231
9001046,57,8,45.350833333333334,7,7.125,5.668854166666667,0.7956286549707603,0.875
9001052,104,15,123.96611111111112,13,6.933333333333334,8.264407407407408,1.1919818376068376,0.8666666666666667
9001057,96,15,78.88333333333334,13,6.4,5.258888888888889,0.8217013888888889,0.8666666666666667
9001061,60,15,98.75722222222223,14,4,6.583814814814815,1.6459537037037038,0.9333333333333333
9001070,43,13,127.29361111111112,0,3.3076923076923075,9.79181623931624,2.9603165374677003,0
9001076,61,12,66.36333333333333,9,5.083333333333333,5.530277777777777,1.0879234972677596,0.75
9001077,115,14,82.62555555555555,92,8.214285714285714,5.901825396825396,0.7184830917874396,6.571428571428571
9001085,8,4,13.28888888888889,0,2,3.3222222222222224,1.6611111111111112,0
9001088,4,1,1.2786111111111111,0,4,1.2786111111111111,0.3196527777777778,0
9001094,61,14,111.70055555555555,0,4.357142857142857,7.978611111111111,1.8311566484517303,0
9001101,54,6,48.31861111111111,4,9,8.053101851851851,0.8947890946502057,0.6666666666666666
9001106,82,15,118.80944444444444,12,5.466666666666667,7.920629629629629,1.4488956639566395,0.8
9001107,121,17,109.16250000000001,8,7.117647058823529,6.421323529411765,0.9021694214876034,0.47058823529411764
9001121,94,12,16.996666666666666,8,7.833333333333333,1.416388888888889,0.18081560283687945,0.6666666666666666
9001124,41,8,67.49027777777778,7,5.125,8.436284722222222,1.6461043360433605,0.875
9001135,39,11,59.211666666666666,0,3.5454545454545454,5.382878787878788,1.5182478632478633,0
9001137,66,15,100.95694444444445,12,4.4,6.730462962962963,1.5296506734006734,0.8
9001141,81,14,82.19305555555556,60,5.785714285714286,5.87093253968254,1.0147290809327847,4.285714285714286
9001159,26,6,50.23916666666667,5,4.333333333333333,8.373194444444445,1.932275641025641,0.8333333333333334
9001165,145,13,22.190555555555555,11,11.153846153846153,1.706965811965812,0.15303831417624522,0.8461538461538461
9001182,107,13,88.26805555555556,10,8.23076923076923,6.789850427350428,0.8249350986500519,0.7692307692307693
9001191,72,15,100.98972222222223,11,4.8,6.732648148148148,1.4026350308641975,0.7333333333333333
9001194,165,15,124.86111111111111,138,11,8.324074074074074,0.7567340067340067,9.2
9001197,8,6,1.8838888888888887,0,1.3333333333333333,0.3139814814814815,0.2354861111111111,0
9001205,81,18,149.31416666666667,11,4.5,8.295231481481482,1.8433847736625515,0.6111111111111112
9001213,91,11,52.33555555555556,4,8.272727272727273,4.757777777777778,0.5751159951159951,0.36363636363636365
9001214,29,7,32.56666666666666,4,4.142857142857143,4.652380952380952,1.1229885057471265,0.5714285714285714
9001215,67,12,50.96361111111111,9,5.583333333333333,4.2469675925925925,0.760650912106136,0.75
9001218,87,16,107.61111111111111,12,5.4375,6.725694444444445,1.2369093231162196,0.75
9001220,64,15,27.626944444444444,13,4.266666666666667,1.8417962962962962,0.43167100694444444,0.8666666666666667
9001221,52,14,39.172222222222224,13,3.7142857142857144,2.7980158730158733,0.7533119658119658,0.9285714285714286
9001226,34,13,27.852222222222224,12,2.6153846153846154,2.1424786324786327,0.8191830065359477,0.9230769230769231
9001227,89,16,76.48972222222223,9,5.5625,4.780607638888889,0.8594350811485643,0.5625
9001230,22,6,41.38527777777778,4,3.6666666666666665,6.897546296296297,1.88114898989899,0.6666666666666666
9001231,84,14,72.30888888888889,63,6,5.164920634920635,0.8608201058201058,4.5
9001234,76,11,69.78361111111111,10,6.909090909090909,6.343964646464647,0.9182054093567251,0.9090909090909091
9001238,53,11,69.65611111111112,10,4.818181818181818,6.332373737373738,1.3142662473794549,0.9090909090909091
9001241,124,15,114.17111111111112,11,8.266666666666667,7.611407407407408,0.9207347670250896,0.7333333333333333
9001243,88,17,72.92527777777778,10,5.176470588235294,4.289722222222222,0.8286963383838384,0.5882352941176471
9001247,9,3,6.053611111111111,1,3,2.01787037037037,0.6726234567901234,0.3333333333333333
9001249,21,4,20.93888888888889,3,5.25,5.2347222222222225,0.997089947089947,0.75
9001252,54,10,45.032222222222224,37,5.4,4.503222222222222,0.8339300411522634,3.7
9001266,55,9,39.82472222222222,5,6.111111111111111,4.424969135802469,0.7240858585858586,0.5555555555555556
9001269,28,10,53.26444444444444,7,2.8,5.326444444444444,1.9023015873015874,0.7
9001277,54,15,82.00027777777778,10,3.6,5.466685185185185,1.5185236625514404,0.6666666666666666
9001285,30,14,27.855277777777776,10,2.142857142857143,1.9896626984126982,0.9285092592592592,0.7142857142857143
9001292,47,11,30.828611111111112,6,4.2727272727272725,2.8026010101010104,0.6559278959810875,0.5454545454545454
9001294,44,6,53.765,3,7.333333333333333,8.960833333333333,1.2219318181818182,0.5
9001295,24,7,27.951944444444443,6,3.4285714285714284,3.9931349206349203,1.1646643518518518,0.8571428571428571
9001305,48,13,30.519722222222224,10,3.6923076923076925,2.34767094017094,0.6358275462962963,0.7692307692307693
9001308,10,6,14.81,3,1.6666666666666667,2.4683333333333333,1.481,0.5
9001309,134,11,73.69944444444444,7,12.181818181818182,6.699949494949494,0.5499958540630182,0.6363636363636364
9001311,7,1,6.815277777777778,0,7,6.815277777777778,0.9736111111111112,0
9001331,94,15,108.71,11,6.266666666666667,7.247333333333333,1.1564893617021277,0.7333333333333333
9001345,116,19,120.02388888888889,89,6.105263157894737,6.317046783625731,1.0346886973180076,4.684210526315789
9001358,27,4,41.305,3,6.75,10.32625,1.5298148148148147,0.75
9001360,151,11,91.23972222222223,6,13.727272727272727,8.294520202020202,0.6042365710080941,0.5454545454545454
9001367,4,2,1.1099999999999999,0,2,0.5549999999999999,0.27749999999999997,0
9001382,98,10,68.44305555555556,5,9.8,6.844305555555556,0.6983985260770975,0.5
9001384,26,8,16.109166666666667,6,3.25,2.0136458333333334,0.6195833333333333,0.75
9001386,86,14,81.81333333333333,10,6.142857142857143,5.843809523809524,0.9513178294573643,0.7142857142857143
9001388,182,15,96.41583333333334,9,12.133333333333333,6.427722222222223,0.5297573260073261,0.6
9001389,10,4,3.229722222222222,3,2.5,0.8074305555555555,0.3229722222222222,0.75
9001390,44,11,17.44388888888889,7,4,1.5858080808080808,0.3964520202020202,0.6363636363636364
9001391,54,13,97.55055555555556,0,4.153846153846154,7.5038888888888895,1.806491769547325,0
9001394,21,4,35.32416666666666,0,5.25,8.831041666666666,1.6821031746031745,0
9001395,40,14,91.15583333333333,0,2.857142857142857,6.511130952380952,2.2788958333333333,0
9001398,22,8,6.321111111111112,7,2.75,0.790138888888889,0.2873232323232323,0.875
9001401,162,15,94.0975,13,10.8,6.273166666666667,0.5808487654320987,0.8666666666666667
9001414,26,8,12.065555555555555,6,3.25,1.5081944444444444,0.46405982905982907,0.75
9001415,50,8,21.4675,7,6.25,2.6834375,0.42935,0.875
9001417,1,1,0.00305555555555555,0,1,0.00305555555555555,0.00305555555555555,0
9001421,71,10,71.0675,6,7.1,7.10675,1.000950704225352,0.6
9001422,81,12,55.58444444444444,8,6.75,4.632037037037037,0.6862277091906721,0.6666666666666666
9001425,61,15,60.219166666666666,12,4.066666666666666,4.014611111111111,0.9871994535519126,0.8
9001463,29,11,89.07388888888889,0,2.6363636363636362,8.097626262626262,3.071513409961686,0
9001464,55,14,122.4786111111111,12,3.9285714285714284,8.748472222222222,2.2268838383838383,0.8571428571428571
9001465,12,2,2.378888888888889,1,6,1.1894444444444445,0.19824074074074075,0.5
9001468,77,14,33.28472222222222,9,5.5,2.3774801587301586,0.4322691197691198,0.6428571428571429
9001470,72,19,115.95583333333333,13,3.789473684210526,6.102938596491228,1.610497685185185,0.6842105263157895
9001480,74,18,103.56277777777778,15,4.111111111111111,5.753487654320988,1.399496996996997,0.8333333333333334
9001481,31,10,38.98555555555556,7,3.1,3.8985555555555558,1.2575985663082436,0.7
9001483,51,11,2.422222222222222,7,4.636363636363637,0.22020202020202018,0.047494553376906314,0.6363636363636364
9001485,159,12,30.99361111111111,10,13.25,2.582800925925926,0.1949283717679944,0.8333333333333334
9001487,67,12,92.44916666666667,50,5.583333333333333,7.704097222222223,1.3798383084577115,4.166666666666667
9001489,29,10,51.51166666666666,9,2.9,5.151166666666667,1.7762643678160919,0.9
9001495,66,15,108.98666666666666,48,4.4,7.265777777777777,1.6513131313131313,3.2
9001496,108,19,64.88694444444445,9,5.684210526315789,3.415102339181287,0.6008050411522634,0.47368421052631576
9001497,6,3,0.9561111111111111,2,2,0.3187037037037037,0.15935185185185186,0.6666666666666666
9001501,34,12,101.77777777777779,0,2.8333333333333335,8.481481481481483,2.9934640522875817,0
9001509,73,12,86.99305555555556,11,6.083333333333333,7.249421296296297,1.1916856925418569,0.9166666666666666
9001516,155,15,24.22388888888889,10,10.333333333333334,1.614925925925926,0.1562831541218638,0.6666666666666666
9001517,67,14,135.3675,10,4.785714285714286,9.669107142857143,2.020410447761194,0.7142857142857143
9001522,80,13,48.400555555555556,11,6.153846153846154,3.723119658119658,0.6050069444444445,0.8461538461538461
9001533,84,11,49.43888888888889,5,7.636363636363637,4.4944444444444445,0.588558201058201,0.45454545454545453
9001536,69,12,54.937222222222225,6,5.75,4.578101851851852,0.7961916264090177,0.5
9001537,58,13,14.155555555555555,5,4.461538461538462,1.0888888888888888,0.24406130268199233,0.38461538461538464
9001539,68,8,32.72388888888889,5,8.5,4.090486111111111,0.48123366013071894,0.625
9001542,36,13,6.0675,12,2.769230769230769,0.4667307692307692,0.16854166666666667,0.9230769230769231
9001544,77,15,132.73777777777778,12,5.133333333333334,8.849185185185185,1.7238672438672438,0.8
9001547,52,14,94.80805555555555,13,3.7142857142857144,6.772003968253968,1.8232318376068375,0.9285714285714286
9001552,67,14,37.576388888888886,13,4.785714285714286,2.6840277777777777,0.5608416252072969,0.9285714285714286
9001560,15,6,36.67805555555555,0,2.5,6.113009259259258,2.4452037037037035,0
9001562,52,14,68.23666666666666,10,3.7142857142857144,4.8740476190476185,1.3122435897435898,0.7142857142857143
9001567,5,4,8.947777777777778,0,1.25,2.2369444444444446,1.7895555555555556,0
9001574,209,15,48.87888888888889,6,13.933333333333334,3.2585925925925925,0.23387028176501862,0.4
9001575,125,17,92.22444444444444,13,7.352941176470588,5.4249673202614375,0.7377955555555555,0.7647058823529411
9001576,161,16,57.0025,131,10.0625,3.56265625,0.3540527950310559,8.1875
9001577,75,12,99.03,6,6.25,8.2525,1.3204,0.5
9001582,88,11,52.37083333333334,5,8,4.760984848484849,0.595123106060606,0.45454545454545453
9001585,41,17,112.87277777777778,0,2.411764705882353,6.6395751633986935,2.7529945799457995,0
9001592,38,13,22.504444444444445,10,2.923076923076923,1.7311111111111113,0.5922222222222222,0.7692307692307693
9001593,66,13,57.437777777777775,10,5.076923076923077,4.418290598290598,0.8702693602693603,0.7692307692307693
9001594,69,13,79.37611111111111,8,5.3076923076923075,6.105854700854701,1.150378421900161,0.6153846153846154
9001605,6,3,8.283888888888889,2,2,2.761296296296296,1.380648148148148,0.6666666666666666
9001607,42,11,73.66888888888889,9,3.8181818181818183,6.697171717171717,1.754021164021164,0.8181818181818182
9001610,80,12,72.76916666666666,11,6.666666666666667,6.064097222222222,0.9096145833333333,0.9166666666666666
9001612,35,16,72.65194444444444,12,2.1875,4.540746527777777,2.075769841269841,0.75
9001618,58,11,95.39194444444445,42,5.2727272727272725,8.67199494949495,1.6446886973180077,3.8181818181818183
9001621,136,13,81.3711111111111,10,10.461538461538462,6.259316239316239,0.5983169934640523,0.7692307692307693
9001623,33,10,51.9425,19,3.3,5.19425,1.5740151515151515,1.9
9001625,5,2,9.785277777777777,0,2.5,4.8926388888888885,1.9570555555555555,0
9001628,57,9,57.85583333333334,5,6.333333333333333,6.428425925925926,1.015014619883041,0.5555555555555556
9001630,35,14,5.768611111111111,13,2.5,0.4120436507936508,0.1648174603174603,0.9285714285714286
9001631,53,4,9.34361111111111,3,13.25,2.3359027777777777,0.17629454926624738,0.75
9001634,102,14,113.41055555555556,11,7.285714285714286,8.100753968253969,1.1118681917211328,0.7857142857142857
9001635,25,11,15.62861111111111,0,2.272727272727273,1.4207828282828283,0.6251444444444444,0
9001654,33,12,61.943888888888885,0,2.75,5.16199074074074,1.8770875420875421,0
9001655,41,10,96.0325,0,4.1,9.60325,2.3422560975609756,0
9001660,121,16,60.00277777777778,9,7.5625,3.7501736111111112,0.49589072543617996,0.5625
9001665,14,10,1.2297222222222222,0,1.4,0.12297222222222222,0.08783730158730159,0
9001666,17,8,11.95138888888889,6,2.125,1.4939236111111112,0.7030228758169935,0.75
9001668,39,13,24.241666666666664,11,3,1.8647435897435896,0.6215811965811965,0.8461538461538461
9001673,44,13,105.41666666666667,12,3.3846153846153846,8.10897435897436,2.3958333333333335,0.9230769230769231
9001680,334,15,92.92888888888889,9,22.266666666666666,6.1952592592592595,0.27823020625415834,0.6
9001683,25,10,84.04583333333333,0,2.5,8.404583333333333,3.3618333333333332,0
9001688,53,12,92.94972222222222,10,4.416666666666667,7.745810185185185,1.7537683438155136,0.8333333333333334
9001689,45,10,51.967777777777776,8,4.5,5.196777777777777,1.1548395061728396,0.8
9001690,21,7,19.898333333333333,0,3,2.842619047619048,0.9475396825396826,0
9001692,42,13,47.80916666666666,12,3.230769230769231,3.677628205128205,1.138313492063492,0.9230769230769231
9001693,42,14,86.5886111111111,0,3,6.184900793650793,2.061633597883598,0
9001696,10,4,18.42972222222222,0,2.5,4.607430555555555,1.8429722222222222,0
9001698,63,16,90.64166666666667,0,3.9375,5.665104166666667,1.4387566137566137,0
9001700,52,14,74.09166666666667,13,3.7142857142857144,5.292261904761905,1.4248397435897435,0.9285714285714286
9001702,83,13,103.82472222222222,10,6.384615384615385,7.986517094017094,1.250900267737617,0.7692307692307693
9001703,98,16,29.44611111111111,13,6.125,1.8403819444444445,0.30047052154195014,0.8125
9001707,7,3,19.81388888888889,0,2.3333333333333335,6.60462962962963,2.8305555555555557,0
9001709,1,1,0.12472222222222222,0,1,0.12472222222222222,0.12472222222222222,0
9001710,1,1,0.8113888888888889,0,1,0.8113888888888889,0.8113888888888889,0
9001712,34,7,30.56611111111111,5,4.857142857142857,4.366587301587301,0.8990032679738562,0.7142857142857143
9001717,52,14,46.28,13,3.7142857142857144,3.3057142857142856,0.89,0.9285714285714286
9001718,34,6,16.70138888888889,5,5.666666666666667,2.783564814814815,0.4912173202614379,0.8333333333333334
9001719,11,3,15.7475,2,3.6666666666666665,5.2491666666666665,1.4315909090909091,0.6666666666666666
9001722,70,14,98.50694444444444,13,5,7.036210317460317,1.4072420634920635,0.9285714285714286
9001724,27,10,25.628055555555555,8,2.7,2.5628055555555553,0.9491872427983539,0.8
9001726,9,4,24.171388888888888,2,2.25,6.042847222222222,2.6857098765432097,0.5
9001735,72,14,98.88194444444444,13,5.142857142857143,7.062996031746032,1.3733603395061729,0.9285714285714286
9001739,28,13,46.64805555555556,0,2.1538461538461537,3.588311965811966,1.6660019841269842,0
9001743,34,10,44.484722222222224,9,3.4,4.448472222222223,1.3083741830065359,0.9
9001747,35,10,63.896388888888886,9,3.5,6.389638888888888,1.825611111111111,0.9
9001753,36,10,98.74916666666667,0,3.6,9.874916666666667,2.7430324074074073,0
9001755,24,8,44.32222222222222,0,3,5.540277777777778,1.8467592592592592,0
9001756,61,12,81.64888888888889,10,5.083333333333333,6.804074074074074,1.3385063752276867,0.8333333333333334
9001758,12,5,10.671944444444444,4,2.4,2.1343888888888887,0.8893287037037036,0.8
9001759,174,15,64.375,14,11.6,4.291666666666667,0.3699712643678161,0.9333333333333333
9001760,16,6,20.62527777777778,0,2.6666666666666665,3.4375462962962966,1.2890798611111112,0
9001761,46,10,72.27583333333334,5,4.6,7.2275833333333335,1.571213768115942,0.5
9001762,172,17,95.76833333333333,8,10.117647058823529,5.633431372549019,0.5567926356589147,0.47058823529411764
9001763,93,19,125.03750000000001,10,4.894736842105263,6.580921052631579,1.344489247311828,0.5263157894736842
9001768,68,9,56.335277777777776,6,7.555555555555555,6.259475308641975,0.8284599673202614,0.6666666666666666
9001769,19,12,7.9222222222222225,11,1.5833333333333333,0.6601851851851852,0.41695906432748536,0.9166666666666666
9001770,104,16,132.98250000000002,8,6.5,8.311406250000001,1.2786778846153846,0.5
9001774,14,8,9.60361111111111,8,1.75,1.2004513888888888,0.6859722222222222,1
9001775,48,14,12.885,9,3.4285714285714284,0.9203571428571429,0.2684375,0.6428571428571429
9001776,27,10,30.796388888888888,6,2.7,3.079638888888889,1.1406069958847735,0.6
9001777,105,18,101.09083333333334,9,5.833333333333333,5.616157407407408,0.9627698412698412,0.5
9001778,8,6,1.6380555555555556,5,1.3333333333333333,0.2730092592592593,0.20475694444444445,0.8333333333333334
9001783,55,16,60.75527777777778,11,3.4375,3.797204861111111,1.104641414141414,0.6875
9001785,77,15,16.932222222222222,7,5.133333333333334,1.1288148148148147,0.2198989898989899,0.4666666666666667
9001789,67,13,86.51027777777777,53,5.153846153846154,6.654636752136752,1.291198175787728,4.076923076923077
9001797,4,4,1.0433333333333334,0,1,0.26083333333333336,0.26083333333333336,0
9001802,97,14,100.95222222222222,14,6.928571428571429,7.210873015873015,1.0407445589919817,1
9001805,93,14,60.791111111111114,8,6.642857142857143,4.342222222222222,0.6536678614097969,0.5714285714285714
9001807,79,14,72.81361111111111,13,5.642857142857143,5.200972222222222,0.9216912798874825,0.9285714285714286
9001808,42,14,108.67944444444444,11,3,7.76281746031746,2.58760582010582,0.7857142857142857
9001810,71,11,30.02111111111111,7,6.454545454545454,2.729191919191919,0.42283255086071986,0.6363636363636364
9001812,83,11,84.40694444444445,65,7.545454545454546,7.673358585858586,1.0169511378848728,5.909090909090909
9001814,35,7,52.87,6,5,7.5528571428571425,1.5105714285714287,0.8571428571428571
9001820,1,1,0.4875,0,1,0.4875,0.4875,0
9001821,28,5,17.6325,4,5.6,3.5265,0.6297321428571429,0.8
9001823,25,7,16.817777777777778,5,3.5714285714285716,2.4025396825396825,0.6727111111111111,0.7142857142857143
9001825,36,13,47.41583333333333,12,2.769230769230769,3.6473717948717947,1.3171064814814815,0.9230769230769231
9001827,187,15,117.30083333333333,10,12.466666666666667,7.820055555555555,0.627277183600713,0.6666666666666666
9001834,28,8,27.263333333333332,7,3.5,3.4079166666666665,0.9736904761904762,0.875
9001836,46,8,65.71138888888889,4,5.75,8.213923611111111,1.4285084541062802,0.5
9001837,5,2,0.8725,1,2.5,0.43625,0.17450000000000002,0.5
9001842,122,15,120.25861111111111,12,8.133333333333333,8.017240740740741,0.985726320582878,0.8
9001846,16,8,3.1075,7,2,0.3884375,0.19421875,0.875
9001848,48,10,89.68805555555555,7,4.8,8.968805555555555,1.8685011574074073,0.7
9001856,68,13,19.86111111111111,6,5.230769230769231,1.5277777777777777,0.2920751633986928,0.46153846153846156
9001868,28,9,46.10194444444444,6,3.111111111111111,5.122438271604938,1.6464980158730158,0.6666666666666666
9001884,79,14,101.69583333333333,13,5.642857142857143,7.263988095238095,1.287289029535865,0.9285714285714286
9001887,45,10,53.336666666666666,4,4.5,5.333666666666667,1.1852592592592592,0.4
9001890,89,15,98.92138888888888,11,5.933333333333334,6.594759259259259,1.111476279650437,0.7333333333333333
9001892,57,9,98.19888888888889,0,6.333333333333333,10.910987654320987,1.7227875243664716,0
9001895,61,12,80.92944444444444,10,5.083333333333333,6.7441203703703705,1.326712204007286,0.8333333333333334
9001898,85,14,92.89361111111111,10,6.071428571428571,6.635257936507936,1.0928660130718955,0.7142857142857143
9001901,4,2,2.0194444444444444,1,2,1.0097222222222222,0.5048611111111111,0.5
9001904,58,13,36.7525,10,4.461538461538462,2.8271153846153845,0.6336637931034482,0.7692307692307693
9001908,44,13,88.38361111111111,9,3.3846153846153846,6.798739316239316,2.0087184343434346,0.6923076923076923
9001909,27,9,46.98083333333334,0,3,5.220092592592593,1.7400308641975308,0
9001910,59,12,100.625,10,4.916666666666667,8.385416666666666,1.7055084745762712,0.8333333333333334
9001915,28,12,54.20166666666667,0,2.3333333333333335,4.516805555555556,1.9357738095238095,0
9001918,119,15,112.44472222222223,9,7.933333333333334,7.496314814814815,0.9449136321195145,0.6
9001923,115,9,73.97583333333333,99,12.777777777777779,8.219537037037036,0.6432681159420289,11
9001925,7,5,4.976388888888889,0,1.4,0.9952777777777777,0.7109126984126984,0
9001926,117,13,95.84694444444445,10,9,7.3728418803418805,0.8192046533713201,0.7692307692307693
9001927,323,16,85.65388888888889,9,20.1875,5.353368055555555,0.2651823185414517,0.5625
9001928,79,12,107.5338888888889,9,6.583333333333333,8.961157407407407,1.3611884669479606,0.75
9001933,33,11,88.26694444444445,0,3,8.024267676767677,2.6747558922558925,0
9001934,57,17,118.72111111111111,0,3.3529411764705883,6.9835947712418305,2.0828265107212474,0
9001936,114,12,96.71000000000001,9,9.5,8.059166666666668,0.8483333333333334,0.75
9001947,60,12,99.45444444444445,10,5,8.28787037037037,1.657574074074074,0.8333333333333334
9001948,60,15,110.4738888888889,10,4,7.3649259259259265,1.8412314814814814,0.6666666666666666
9001953,104,15,85.52861111111112,8,6.933333333333334,5.701907407407408,0.8223904914529915,0.5333333333333333
9001954,31,4,24.148055555555555,2,7.75,6.037013888888889,0.7789695340501792,0.5
9001958,43,14,51.37277777777778,13,3.0714285714285716,3.669484126984127,1.1947157622739017,0.9285714285714286
9001961,54,15,133.79666666666668,13,3.6,8.919777777777778,2.477716049382716,0.8666666666666667
9001962,86,13,91.16916666666667,12,6.615384615384615,7.013012820512821,1.0601065891472867,0.9230769230769231
9001964,12,5,31.638055555555557,0,2.4,6.3276111111111115,2.6365046296296297,0
9001981,57,14,91.41527777777777,13,4.071428571428571,6.529662698412698,1.6037768031189084,0.9285714285714286
9001986,45,13,40.22833333333333,10,3.4615384615384617,3.0944871794871793,0.893962962962963,0.7692307692307693
9001988,15,6,7.819444444444445,5,2.5,1.3032407407407407,0.5212962962962964,0.8333333333333334
9001991,31,8,85.14750000000001,0,3.875,10.643437500000001,2.7466935483870967,0
9001996,29,6,27.159166666666668,3,4.833333333333333,4.526527777777778,0.9365229885057471,0.5
9001997,51,13,89.99555555555555,12,3.923076923076923,6.9227350427350425,1.7646187363834422,0.9230769230769231
9001999,65,7,54.64555555555555,54,9.285714285714286,7.806507936507936,0.8407008547008546,7.714285714285714
9002002,87,12,71.51583333333333,5,7.25,5.9596527777777775,0.8220210727969349,0.4166666666666667
9002006,36,9,69.4636111111111,24,4,7.718179012345678,1.9295447530864198,2.6666666666666665
9002010,49,13,22.570277777777775,11,3.769230769230769,1.7361752136752135,0.4606179138321995,0.8461538461538461
9002011,69,11,73.765,9,6.2727272727272725,6.705909090909091,1.0690579710144927,0.8181818181818182
9002013,33,12,26.682222222222222,9,2.75,2.2235185185185187,0.8085521885521886,0.75
9002017,71,11,53.369166666666665,6,6.454545454545454,4.851742424242424,0.7516784037558686,0.5454545454545454
9002018,86,11,95.145,7,7.818181818181818,8.649545454545454,1.1063372093023256,0.6363636363636364
9002019,68,9,70.4375,6,7.555555555555555,7.826388888888889,1.0358455882352942,0.6666666666666666
9002020,61,11,81.73361111111112,10,5.545454545454546,7.430328282828284,1.3398952641165756,0.9090909090909091
9002021,71,13,116.15777777777778,11,5.461538461538462,8.935213675213676,1.6360250391236306,0.8461538461538461
9002023,35,7,60.65027777777778,5,5,8.664325396825397,1.7328650793650793,0.7142857142857143
9002028,62,13,45.57666666666667,47,4.769230769230769,3.505897435897436,0.7351075268817204,3.6153846153846154
9002036,28,9,21.06888888888889,7,3.111111111111111,2.3409876543209878,0.7524603174603175,0.7777777777777778
9002041,109,10,77.06555555555555,6,10.9,7.706555555555555,0.7070234454638125,0.6
9002044,24,8,17.989444444444445,7,3,2.2486805555555556,0.7495601851851852,0.875
9002047,118,14,76.53305555555555,100,8.428571428571429,5.466646825396825,0.6485852165725047,7.142857142857143
9002048,27,11,23.8,0,2.4545454545454546,2.1636363636363636,0.8814814814814815,0
9002050,19,5,40.65472222222222,0,3.8,8.130944444444443,2.1397222222222223,0
9002051,88,13,114.09111111111112,64,6.769230769230769,8.776239316239316,1.296489898989899,4.923076923076923
9002054,39,8,33.913333333333334,5,4.875,4.239166666666667,0.8695726495726496,0.625
9002055,43,12,42.15972222222222,11,3.5833333333333335,3.513310185185185,0.9804586563307494,0.9166666666666666
9002057,77,13,88.38333333333334,9,5.923076923076923,6.798717948717949,1.1478354978354979,0.6923076923076923
9002061,101,16,138.58972222222224,8,6.3125,8.66185763888889,1.3721754675467546,0.5
9002063,42,12,48.42472222222222,28,3.5,4.035393518518519,1.1529695767195767,2.3333333333333335
9002069,4,4,3.333055555555555,0,1,0.8332638888888888,0.8332638888888888,0
9002085,91,16,94.125,12,5.6875,5.8828125,1.0343406593406594,0.75
9002089,63,13,80.99361111111111,12,4.846153846153846,6.230277777777777,1.2856128747795414,0.9230769230769231
9002099,53,17,54.04472222222222,12,3.1176470588235294,3.1791013071895424,1.0197117400419287,0.7058823529411765
9002101,114,16,93.175,7,7.125,5.8234375,0.8173245614035087,0.4375
9002108,65,19,125.4786111111111,14,3.4210526315789473,6.604137426900585,1.9304401709401708,0.7368421052631579
9002109,93,14,115.05388888888889,11,6.642857142857143,8.21813492063492,1.2371385902031062,0.7857142857142857
9002128,92,16,111.93027777777777,9,5.75,6.995642361111111,1.2166334541062802,0.5625
9002133,79,15,96.47166666666666,12,5.266666666666667,6.431444444444444,1.2211603375527427,0.8
9002136,75,14,122.34361111111112,59,5.357142857142857,8.738829365079365,1.6312481481481482,4.214285714285714
9002137,20,9,43.49611111111111,8,2.2222222222222223,4.832901234567902,2.1748055555555554,0.8888888888888888
9002138,112,13,85.45055555555555,84,8.615384615384615,6.573119658119658,0.7629513888888889,6.461538461538462
9002139,71,15,101.07472222222222,14,4.733333333333333,6.738314814814815,1.4235876369327074,0.9333333333333333
9002140,49,8,53.176944444444445,39,6.125,6.647118055555556,1.0852437641723356,4.875
9002143,69,12,108.60694444444445,10,5.75,9.050578703703705,1.574013687600644,0.8333333333333334
9002148,127,19,142.9188888888889,103,6.684210526315789,7.522046783625731,1.1253455818022746,5.421052631578948
9002149,119,10,66.85277777777777,5,11.9,6.685277777777777,0.5617880485527544,0.5
9002158,95,15,134.46138888888888,11,6.333333333333333,8.964092592592591,1.4153830409356725,0.7333333333333333
9002165,109,11,69.63472222222222,79,9.909090909090908,6.330429292929293,0.6388506625891947,7.181818181818182
9002170,94,11,67.66444444444444,6,8.545454545454545,6.151313131313131,0.7198345153664303,0.5454545454545454
9002172,84,17,64.58805555555556,66,4.9411764705882355,3.799297385620915,0.7689054232804233,3.8823529411764706
9002173,59,12,94.76305555555555,8,4.916666666666667,7.896921296296296,1.6061534839924672,0.6666666666666666
9002174,23,6,38.06166666666667,4,3.8333333333333335,6.3436111111111115,1.654855072463768,0.6666666666666666
9002175,30,12,16.959444444444443,10,2.5,1.413287037037037,0.5653148148148148,0.8333333333333334
9002176,59,15,129.94166666666666,12,3.933333333333333,8.662777777777778,2.2024011299435027,0.8
9002177,71,13,19.899166666666666,9,5.461538461538462,1.530705128205128,0.2802699530516432,0.6923076923076923
9002182,41,13,41.08416666666667,9,3.1538461538461537,3.1603205128205127,1.0020528455284552,0.6923076923076923
9002184,45,8,52.90416666666667,3,5.625,6.613020833333334,1.1756481481481482,0.375
9002187,111,14,98.02222222222223,11,7.928571428571429,7.001587301587302,0.883083083083083,0.7857142857142857
9002191,3,1,2.69,0,3,2.69,0.8966666666666667,0
9002192,130,13,106.76472222222222,95,10,8.21267094017094,0.821267094017094,7.3076923076923075
9002193,60,13,83.48833333333333,10,4.615384615384615,6.422179487179487,1.3914722222222222,0.7692307692307693
9002195,84,11,95.81444444444445,66,7.636363636363637,8.710404040404041,1.140648148148148,6
9002196,133,17,28.020555555555557,104,7.823529411764706,1.6482679738562092,0.21068086883876358,6.117647058823529
9002197,110,15,16.436944444444443,10,7.333333333333333,1.0957962962962962,0.14942676767676769,0.6666666666666666
9002199,35,12,86.19555555555556,0,2.9166666666666665,7.182962962962963,2.462730158730159,0
9002200,84,14,86.315,67,6,6.165357142857142,1.0275595238095239,4.785714285714286
9002205,36,11,64.02444444444444,0,3.272727272727273,5.82040404040404,1.7784567901234567,0
9002211,46,8,52.7175,7,5.75,6.5896875,1.1460326086956523,0.875
9002236,66,13,66.8,8,5.076923076923077,5.138461538461538,1.0121212121212122,0.6153846153846154
9002238,32,12,57.17027777777778,9,2.6666666666666665,4.764189814814815,1.7865711805555555,0.75
9002242,63,15,64.78611111111111,10,4.2,4.3190740740740745,1.0283509700176368,0.6666666666666666
9002245,77,14,36.358333333333334,12,5.5,2.5970238095238094,0.47218614718614715,0.8571428571428571
9002247,7,3,19.075555555555557,0,2.3333333333333335,6.358518518518519,2.725079365079365,0
9002249,83,15,80.91166666666666,14,5.533333333333333,5.394111111111111,0.9748393574297188,0.9333333333333333
9002250,14,10,24.189444444444444,0,1.4,2.4189444444444446,1.7278174603174603,0
9002253,4,2,2.381388888888889,0,2,1.1906944444444445,0.5953472222222222,0
9002257,88,18,75.62361111111112,9,4.888888888888889,4.201311728395062,0.8593592171717171,0.5
9002261,2,1,0.00222222222222222,0,2,0.00222222222222222,0.00111111111111111,0
9002262,138,17,54.969166666666666,16,8.117647058823529,3.2334803921568627,0.3983272946859903,0.9411764705882353
9002264,60,15,100.84611111111111,7,4,6.723074074074074,1.6807685185185186,0.4666666666666667
9002266,11,2,9.363888888888889,0,5.5,4.6819444444444445,0.8512626262626263,0
9002270,6,1,4.862222222222222,0,6,4.862222222222222,0.8103703703703704,0
9002273,3,3,0.2697222222222222,0,1,0.0899074074074074,0.08990740740740741,0
9002275,247,16,90.8225,10,15.4375,5.67640625,0.36770242914979756,0.625
9002280,81,10,22.89638888888889,7,8.1,2.289638888888889,0.2826714677640604,0.7
9002283,13,8,10.815277777777778,0,1.625,1.3519097222222223,0.8319444444444445,0
9002284,22,3,17.226944444444445,2,7.333333333333333,5.742314814814815,0.7830429292929293,0.6666666666666666
9002295,108,9,40.849444444444444,4,12,4.5388271604938275,0.3782355967078189,0.4444444444444444
9002304,47,19,115.4538888888889,13,2.473684210526316,6.076520467836258,2.456465721040189,0.6842105263157895
9002306,3,1,2.228333333333333,0,3,2.228333333333333,0.7427777777777778,0
9002315,89,11,83.76583333333333,8,8.090909090909092,7.615075757575758,0.941189138576779,0.7272727272727273
9002316,60,11,81.83916666666667,10,5.454545454545454,7.439924242424243,1.3639861111111111,0.9090909090909091
9002321,128,17,46.48861111111111,9,7.529411764705882,2.734624183006536,0.36319227430555556,0.5294117647058824
9002328,16,7,11.106944444444444,5,2.2857142857142856,1.5867063492063491,0.6941840277777778,0.7142857142857143
9002329,43,10,64.46527777777777,7,4.3,6.446527777777777,1.4991925064599483,0.7
9002333,75,19,141.74805555555557,13,3.9473684210526314,7.460423976608188,1.889974074074074,0.6842105263157895
9002334,67,13,67.28083333333333,11,5.153846153846154,5.175448717948718,1.0041915422885572,0.8461538461538461
9002337,123,17,16.31972222222222,10,7.235294117647059,0.9599836601307189,0.1326806684733514,0.5882352941176471
9002345,96,13,53.086666666666666,81,7.384615384615385,4.0835897435897435,0.5529861111111111,6.230769230769231
9002349,86,14,124.02194444444444,11,6.142857142857143,8.858710317460318,1.4421156330749354,0.7857142857142857
9002356,3,1,3.8033333333333332,0,3,3.8033333333333332,1.267777777777778,0
9002363,49,16,100.31833333333333,12,3.0625,6.269895833333333,2.047312925170068,0.75
9002369,7,1,3.7655555555555558,0,7,3.7655555555555558,0.5379365079365079,0
9002371,72,6,24.83861111111111,4,12,4.139768518518518,0.3449807098765432,0.6666666666666666
9002374,56,18,91.02055555555556,12,3.111111111111111,5.056697530864198,1.6253670634920634,0.6666666666666666
9002377,109,12,97.89027777777778,9,9.083333333333334,8.15752314814815,0.8980759429153925,0.75
9002378,67,18,100.0286111111111,13,3.7222222222222223,5.557145061728395,1.492964344941957,0.7222222222222222
9002380,105,14,32.37027777777778,10,7.5,2.3121626984126986,0.3082883597883598,0.7142857142857143
9002388,133,18,37.92194444444444,13,7.388888888888889,2.1067746913580248,0.2851274018379282,0.7222222222222222
9002393,90,14,20.7325,11,6.428571428571429,1.4808928571428572,0.23036111111111113,0.7857142857142857
9002396,47,8,38.01916666666667,37,5.875,4.752395833333334,0.808918439716312,4.625
9002400,27,4,39.96611111111111,2,6.75,9.991527777777778,1.4802263374485596,0.5
9002410,123,14,79.03805555555556,9,8.785714285714286,5.645575396825397,0.6425858175248419,0.6428571428571429
9002423,146,17,122.19388888888889,13,8.588235294117647,7.187875816993464,0.8369444444444445,0.7647058823529411
9002431,62,12,121.07916666666667,10,5.166666666666667,10.089930555555556,1.9528897849462366,0.8333333333333334
9002434,57,11,78.02777777777777,9,5.181818181818182,7.0934343434343425,1.3689083820662769,0.8181818181818182
9002439,51,11,25.3725,9,4.636363636363637,2.306590909090909,0.4975,0.8181818181818182
9002440,61,13,86.31972222222223,12,4.6923076923076925,6.639978632478632,1.415077413479053,0.9230769230769231
9002441,33,6,35.06805555555555,5,5.5,5.844675925925926,1.0626683501683503,0.8333333333333334
9002443,1,1,0.07166666666666667,0,1,0.07166666666666667,0.07166666666666667,0
9002444,30,12,18.84888888888889,10,2.5,1.5707407407407408,0.6282962962962964,0.8333333333333334
9002445,47,13,41.43,12,3.6153846153846154,3.186923076923077,0.8814893617021277,0.9230769230769231
9002447,70,14,86.32222222222222,10,5,6.165873015873016,1.2331746031746031,0.7142857142857143
9002448,55,13,38.771388888888886,11,4.230769230769231,2.9824145299145295,0.7049343434343435,0.8461538461538461
9002450,19,4,26.4525,2,4.75,6.613125,1.3922368421052633,0.5
9002457,40,15,112.36638888888889,13,2.6666666666666665,7.491092592592593,2.809159722222222,0.8666666666666667
9002458,11,3,19.578055555555554,0,3.6666666666666665,6.526018518518518,1.7798232323232324,0
9002462,7,1,10.471111111111112,0,7,10.471111111111112,1.4958730158730158,0
9002463,36,7,55.54333333333334,5,5.142857142857143,7.934761904761905,1.5428703703703703,0.7142857142857143
9002465,36,5,45.28638888888889,4,7.2,9.057277777777777,1.2579552469135802,0.8
9002466,40,11,64.12194444444445,0,3.6363636363636362,5.829267676767677,1.603048611111111,0
9002468,28,8,14.519444444444444,6,3.5,1.8149305555555555,0.5185515873015873,0.75
9002471,48,13,71.94,12,3.6923076923076925,5.533846153846154,1.49875,0.9230769230769231
9002473,59,13,90.67527777777778,8,4.538461538461538,6.975021367521368,1.5368691148775895,0.6153846153846154
9002476,19,9,28.212777777777777,8,2.111111111111111,3.134753086419753,1.4848830409356726,0.8888888888888888
9002480,24,6,35.47527777777778,3,4,5.912546296296296,1.4781365740740742,0.5
9002491,65,15,121.90722222222222,0,4.333333333333333,8.127148148148148,1.8754957264957264,0
9002493,88,14,108.90944444444445,10,6.285714285714286,7.779246031746032,1.2376073232323233,0.7142857142857143
9002495,59,14,106.20944444444444,10,4.214285714285714,7.586388888888889,1.8001600753295668,0.7142857142857143
9002507,32,14,0.3891666666666666,7,2.2857142857142856,0.027797619047619043,0.012161458333333331,0.5
9002508,240,15,117.5411111111111,8,16,7.836074074074074,0.4897546296296296,0.5333333333333333
9002510,12,4,8.346666666666666,2,3,2.0866666666666664,0.6955555555555556,0.5
9002515,42,14,64.72416666666666,0,3,4.623154761904762,1.5410515873015873,0
9002523,53,14,105.61472222222223,0,3.7857142857142856,7.543908730158731,1.992730607966457,0
9002533,34,14,38.12111111111111,11,2.4285714285714284,2.722936507936508,1.1212091503267974,0.7857142857142857
9002536,48,16,113.90666666666667,0,3,7.119166666666667,2.3730555555555557,0
9002541,44,17,96.96805555555555,0,2.588235294117647,5.704003267973856,2.2038194444444446,0
9002543,69,19,138.2838888888889,11,3.6315789473684212,7.278099415204679,2.004114331723027,0.5789473684210527
9002546,102,13,77.3463888888889,10,7.846153846153846,5.949722222222222,0.7582979302832245,0.7692307692307693
9002547,50,7,18.73,4,7.142857142857143,2.6757142857142857,0.3746,0.5714285714285714
9002549,40,10,60.01111111111111,9,4,6.001111111111111,1.5002777777777778,0.9
9002557,4,4,4.081111111111111,0,1,1.0202777777777778,1.0202777777777778,0
9002561,140,14,106.73388888888888,10,10,7.623849206349206,0.7623849206349206,0.7142857142857143
9002575,57,10,70.07305555555556,7,5.7,7.007305555555556,1.2293518518518518,0.7
9002576,4,2,0.06638888888888889,0,2,0.03319444444444444,0.01659722222222222,0
9002587,54,8,43.285555555555554,43,6.75,5.410694444444444,0.8015843621399177,5.375
9002589,120,14,129.2763888888889,102,8.571428571428571,9.23402777777778,1.0773032407407408,7.285714285714286
9002590,34,8,65.35833333333333,7,4.25,8.169791666666667,1.9223039215686275,0.875
9002595,46,9,83.81972222222223,6,5.111111111111111,9.313302469135802,1.8221678743961354,0.6666666666666666
9002598,60,14,35.589444444444446,12,4.285714285714286,2.5421031746031746,0.5931574074074074,0.8571428571428571
9002601,67,14,130.51805555555555,13,4.785714285714286,9.322718253968253,1.948030679933665,0.9285714285714286
9002602,146,14,106.25888888888889,8,10.428571428571429,7.589920634920635,0.7278006088280061,0.5714285714285714
9002611,59,18,103.51416666666667,12,3.2777777777777777,5.750787037037037,1.7544774011299435,0.6666666666666666
9002612,95,17,53.67027777777778,10,5.588235294117647,3.1570751633986927,0.5649502923976608,0.5882352941176471
9002613,241,13,60.4225,7,18.53846153846154,4.647884615384616,0.25071576763485476,0.5384615384615384
9002614,204,15,133.4611111111111,8,13.6,8.897407407407407,0.6542211328976035,0.5333333333333333
9002623,29,8,43.56888888888889,7,3.625,5.446111111111112,1.502375478927203,0.875
9002625,67,16,126.63055555555556,11,4.1875,7.9144097222222225,1.8900082918739636,0.6875
9002637,57,19,120.40194444444444,0,3,6.336944444444444,2.1123148148148148,0
9002646,20,5,23.531944444444445,4,4,4.706388888888889,1.1765972222222223,0.8
9002649,55,14,76.08194444444445,10,3.9285714285714284,5.4344246031746035,1.3833080808080809,0.7142857142857143
9002657,227,14,83.65916666666666,8,16.214285714285715,5.975654761904762,0.36854258443465493,0.5714285714285714
9002660,67,12,64.65555555555555,10,5.583333333333333,5.387962962962963,0.9650082918739635,0.8333333333333334
9002672,66,14,27.635277777777777,8,4.714285714285714,1.9739484126984126,0.41871632996632996,0.5714285714285714
9002675,78,16,11.086944444444445,8,4.875,0.6929340277777778,0.14214031339031338,0.5
9002686,39,12,54.971944444444446,9,3.25,4.5809953703703705,1.409537037037037,0.75
9002687,288,17,59.16916666666667,8,16.941176470588236,3.4805392156862744,0.20544849537037038,0.47058823529411764
9002691,26,10,18.686944444444446,7,2.6,1.8686944444444447,0.7187286324786325,0.7
9002703,72,14,52.258611111111115,7,5.142857142857143,3.732757936507937,0.7258140432098765,0.5
9002707,116,15,44.71,8,7.733333333333333,2.9806666666666666,0.3854310344827586,0.5333333333333333
9002708,149,16,48.91388888888889,6,9.3125,3.0571180555555557,0.3282811334824758,0.375
9002711,44,13,87.74166666666667,10,3.3846153846153846,6.749358974358975,1.994128787878788,0.7692307692307693
9002712,35,15,85.35194444444444,0,2.3333333333333335,5.690129629629629,2.438626984126984,0
9002718,43,6,12.64861111111111,3,7.166666666666667,2.1081018518518517,0.2941537467700258,0.5
9002721,94,19,84.87694444444445,14,4.947368421052632,4.467207602339181,0.9029462174940899,0.7368421052631579
9002722,171,15,86.71111111111111,8,11.4,5.7807407407407405,0.5070825211176089,0.5333333333333333
9002727,48,15,86.76027777777777,12,3.2,5.7840185185185184,1.807505787037037,0.8
9002730,58,15,97.41305555555556,12,3.8666666666666667,6.494203703703704,1.6795354406130267,0.8
9002740,64,12,45.274166666666666,8,5.333333333333333,3.772847222222222,0.7074088541666667,0.6666666666666666
9002742,51,9,79.25916666666667,7,5.666666666666667,8.806574074074074,1.5541013071895424,0.7777777777777778
9002745,80,17,36.95944444444444,11,4.705882352941177,2.1740849673202614,0.46199305555555553,0.6470588235294118
9002746,232,14,114.95277777777778,5,16.571428571428573,8.210912698412699,0.4954861111111111,0.35714285714285715
9002748,55,14,115.0825,0,3.9285714285714284,8.220178571428571,2.092409090909091,0
9002753,61,8,30.359166666666667,2,7.625,3.7948958333333334,0.4976912568306011,0.25
9002760,129,21,127.76388888888889,17,6.142857142857143,6.083994708994709,0.9904177433247201,0.8095238095238095
9002763,45,10,33.1675,29,4.5,3.31675,0.7370555555555556,2.9
9002770,61,14,100.67111111111112,10,4.357142857142857,7.190793650793651,1.6503460837887067,0.7142857142857143
9002773,78,19,134.52944444444444,13,4.105263157894737,7.080497076023391,1.7247364672364673,0.6842105263157895
9002783,37,10,60.253055555555555,8,3.7,6.025305555555556,1.628460960960961,0.8
9002787,48,16,50.94027777777778,14,3,3.1837673611111112,1.061255787037037,0.875
9002788,65,14,37.098055555555554,10,4.642857142857143,2.649861111111111,0.5707393162393163,0.7142857142857143
9002794,96,11,61.91638888888889,6,8.727272727272727,5.628762626262627,0.6449623842592592,0.5454545454545454
9002796,41,13,72.9725,0,3.1538461538461537,5.61326923076923,1.7798170731707317,0
9002799,48,8,19.852777777777778,5,6,2.4815972222222222,0.41359953703703706,0.625
9002802,77,12,90.73833333333333,10,6.416666666666667,7.561527777777777,1.1784199134199134,0.8333333333333334
9002803,25,6,17.142777777777777,2,4.166666666666667,2.8571296296296294,0.6857111111111112,0.3333333333333333
9002807,6,3,1.223888888888889,1,2,0.407962962962963,0.20398148148148149,0.3333333333333333
9002821,5,1,4.010555555555556,0,5,4.010555555555556,0.8021111111111112,0
9002822,38,12,44.22,9,3.1666666666666665,3.685,1.1636842105263159,0.75
9002823,56,9,58.3275,8,6.222222222222222,6.480833333333333,1.0415625,0.8888888888888888
9002826,113,18,90.87611111111111,10,6.277777777777778,5.048672839506173,0.8042133726647,0.5555555555555556
9002834,81,14,42.97,8,5.785714285714286,3.0692857142857144,0.5304938271604939,0.5714285714285714
9002835,42,13,101.77527777777777,0,3.230769230769231,7.828867521367521,2.4232208994708997,0
9002838,124,11,74.89444444444445,8,11.272727272727273,6.808585858585858,0.6039874551971326,0.7272727272727273
9002839,26,13,39.3025,0,2,3.023269230769231,1.5116346153846154,0
9002842,1,1,0.07472222222222222,0,1,0.07472222222222222,0.07472222222222222,0
9002844,54,14,95.42416666666666,11,3.857142857142857,6.816011904761905,1.7671141975308642,0.7857142857142857
9002850,157,14,116.02,10,11.214285714285714,8.287142857142857,0.7389808917197452,0.7142857142857143
9002853,59,15,124.14861111111111,14,3.933333333333333,8.276574074074073,2.104213747645951,0.9333333333333333
9002854,106,19,122.01416666666667,13,5.578947368421052,6.421798245614035,1.1510770440251572,0.6842105263157895
9002855,86,20,102.96944444444445,14,4.3,5.148472222222223,1.1973191214470285,0.7
9002857,144,14,78.11,9,10.285714285714286,5.579285714285715,0.5424305555555555,0.6428571428571429
9002858,72,16,100.16638888888889,14,4.5,6.260399305555556,1.3911998456790124,0.875
9002859,50,11,93.2025,10,4.545454545454546,8.472954545454545,1.86405,0.9090909090909091
9002862,128,12,103.70611111111111,111,10.666666666666666,8.642175925925926,0.8102039930555556,9.25
9002867,118,19,69.09027777777777,12,6.2105263157894735,3.636330409356725,0.5855108286252354,0.631578947368421
9002870,30,8,61.00333333333334,0,3.75,7.625416666666667,2.0334444444444446,0
9002886,54,13,110.44944444444445,0,4.153846153846154,8.496111111111112,2.045360082304527,0
9002889,60,16,136.78805555555556,0,3.75,8.549253472222222,2.279800925925926,0
9002891,81,15,141.76444444444445,11,5.4,9.450962962962963,1.7501783264746227,0.7333333333333333
9002894,82,15,122.845,12,5.466666666666667,8.189666666666666,1.498109756097561,0.8
9002896,36,10,72.9,8,3.6,7.290000000000001,2.025,0.8
9002913,54,16,100.4775,0,3.375,6.27984375,1.8606944444444444,0
9002914,136,13,85.61055555555555,9,10.461538461538462,6.58542735042735,0.6294893790849673,0.6923076923076923
9002916,64,14,107.07888888888888,13,4.571428571428571,7.648492063492063,1.6731076388888888,0.9285714285714286
9002917,98,19,123.96333333333334,11,5.157894736842105,6.524385964912281,1.2649319727891157,0.5789473684210527
9002920,38,11,112.22055555555556,0,3.4545454545454546,10.201868686868687,2.953172514619883,0
9002922,53,13,35.687777777777775,10,4.076923076923077,2.745213675213675,0.6733542976939203,0.7692307692307693
9002924,35,11,77.49277777777777,10,3.1818181818181817,7.04479797979798,2.2140793650793653,0.9090909090909091
9002925,79,14,84.2025,12,5.642857142857143,6.014464285714285,1.0658544303797468,0.8571428571428571
9002930,54,7,61.20861111111111,5,7.714285714285714,8.744087301587301,1.1334927983539094,0.7142857142857143
9002931,46,11,100.34361111111112,28,4.181818181818182,9.122146464646464,2.1813828502415458,2.5454545454545454
9002938,209,14,83.04083333333334,10,14.928571428571429,5.9314880952380955,0.39732456140350875,0.7142857142857143
9002943,53,10,56.691944444444445,7,5.3,5.669194444444445,1.0696593291404612,0.7
9002945,23,6,43.95388888888889,0,3.8333333333333335,7.325648148148148,1.9110386473429952,0
9002946,61,13,100.81888888888889,0,4.6923076923076925,7.755299145299146,1.652768670309654,0
9002947,87,13,119.65,11,6.6923076923076925,9.203846153846154,1.375287356321839,0.8461538461538461
9002953,47,10,57.56638888888889,7,4.7,5.756638888888888,1.2248167848699765,0.7
9002961,215,20,119.02694444444444,10,10.75,5.951347222222222,0.5536136950904392,0.5
9002963,190,18,64.47444444444444,151,10.555555555555555,3.5819135802469138,0.3393391812865497,8.38888888888889
9002966,50,12,98.27527777777777,10,4.166666666666667,8.189606481481482,1.9655055555555556,0.8333333333333334
9002967,77,11,90.24527777777777,9,7,8.204116161616161,1.1720165945165946,0.8181818181818182
9002971,112,19,100.28083333333333,12,5.894736842105263,5.277938596491228,0.8953645833333334,0.631578947368421
9002981,163,14,99.78583333333333,10,11.642857142857142,7.1275595238095235,0.6121830265848671,0.7142857142857143
9002984,74,17,101.60305555555556,12,4.352941176470588,5.976650326797386,1.3730142642642642,0.7058823529411765
9002985,1,1,0.10722222222222222,0,1,0.10722222222222222,0.10722222222222222,0
9002986,91,15,82.545,12,6.066666666666666,5.503,0.9070879120879121,0.8
9002992,297,18,75.29861111111111,13,16.5,4.183256172839506,0.25353067714178823,0.7222222222222222
9002993,79,12,31.016388888888887,9,6.583333333333333,2.584699074074074,0.392612517580872,0.75
9003005,83,16,140.5975,12,5.1875,8.78734375,1.6939457831325302,0.75
9003012,122,14,85.93972222222223,8,8.714285714285714,6.1385515873015875,0.7044239526411658,0.5714285714285714
9003014,90,17,84.43583333333333,10,5.294117647058823,4.966813725490196,0.9381759259259259,0.5882352941176471
9003015,73,10,30.72111111111111,7,7.3,3.072111111111111,0.4208371385083714,0.7
9003017,66,16,125.39555555555556,7,4.125,7.8372222222222225,1.89993265993266,0.4375
9003019,9,4,19.293055555555554,2,2.25,4.823263888888889,2.143672839506173,0.5
9003034,114,13,94.60805555555555,9,8.76923076923077,7.277542735042735,0.8298952241715399,0.6923076923076923
9003037,118,21,166.67944444444444,15,5.619047619047619,7.937116402116402,1.4125376647834276,0.7142857142857143
9003039,33,14,34.43416666666667,8,2.357142857142857,2.4595833333333337,1.043459595959596,0.5714285714285714
9003041,70,14,91.79972222222223,10,5,6.5571230158730165,1.311424603174603,0.7142857142857143
9003051,48,11,24.628333333333334,5,4.363636363636363,2.238939393939394,0.5130902777777777,0.45454545454545453
9003056,66,14,100.16277777777778,9,4.714285714285714,7.154484126984127,1.517617845117845,0.6428571428571429
9003059,41,13,63.193333333333335,10,3.1538461538461537,4.861025641025641,1.54130081300813,0.7692307692307693
9003065,47,16,96.81722222222223,0,2.9375,6.051076388888889,2.0599408983451535,0
9003066,99,13,124.31916666666667,10,7.615384615384615,9.56301282051282,1.2557491582491582,0.7692307692307693
9003084,37,7,35.38861111111111,4,5.285714285714286,5.055515873015873,0.9564489489489489,0.5714285714285714
9003087,42,11,78.2038888888889,9,3.8181818181818183,7.109444444444446,1.8619973544973545,0.8181818181818182
9003092,62,14,61.352777777777774,11,4.428571428571429,4.38234126984127,0.9895609318996416,0.7857142857142857
9003093,50,12,100.11305555555556,9,4.166666666666667,8.34275462962963,2.0022611111111113,0.75
9003099,124,13,89.09777777777778,9,9.538461538461538,6.8536752136752135,0.7185304659498208,0.6923076923076923
9003102,204,20,57.90138888888889,9,10.2,2.8950694444444443,0.2838303376906318,0.45
9003107,55,13,87.21027777777778,7,4.230769230769231,6.708482905982906,1.5856414141414141,0.5384615384615384
9003109,97,15,101.6025,8,6.466666666666667,6.7735,1.0474484536082473,0.5333333333333333
9003110,118,14,107.43555555555555,99,8.428571428571429,7.673968253968254,0.9104708097928437,7.071428571428571
9003124,37,6,32.335277777777776,4,6.166666666666667,5.389212962962962,0.8739264264264264,0.6666666666666666
9003125,59,18,105.82583333333334,13,3.2777777777777777,5.8792129629629635,1.7936581920903956,0.7222222222222222
9003138,90,18,125.56305555555555,9,5,6.975725308641975,1.3951450617283951,0.5
9003156,45,10,71.68,9,4.5,7.168000000000001,1.5928888888888888,0.9
9003159,119,12,71.1613888888889,10,9.916666666666666,5.930115740740741,0.5979948646125117,0.8333333333333334
9003162,34,11,80.70416666666667,0,3.090909090909091,7.336742424242424,2.3736519607843136,0
9003163,42,14,100.0838888888889,0,3,7.148849206349206,2.3829497354497353,0
9003187,45,6,61.47138888888889,3,7.5,10.245231481481481,1.366030864197531,0.5
9003194,85,12,36.87777777777778,8,7.083333333333333,3.073148148148148,0.4338562091503268,0.6666666666666666
9003214,67,13,104.03027777777778,12,5.153846153846154,8.00232905982906,1.552690713101161,0.9230769230769231
9003216,27,6,24.771944444444443,5,4.5,4.128657407407407,0.9174794238683128,0.8333333333333334
9003218,56,13,48.698055555555555,11,4.3076923076923075,3.7460042735042736,0.8696081349206349,0.8461538461538461
9003232,91,11,35.963055555555556,6,8.272727272727273,3.269368686868687,0.3951984126984127,0.5454545454545454
9003233,38,9,57.23388888888889,6,4.222222222222222,6.359320987654321,1.506154970760234,0.6666666666666666
9003238,77,11,82.89722222222223,8,7,7.536111111111111,1.0765873015873015,0.7272727272727273
9003241,112,15,81.1625,11,7.466666666666667,5.410833333333333,0.7246651785714285,0.7333333333333333
9003245,57,15,63.37083333333333,9,3.8,4.224722222222222,1.1117690058479532,0.6
9003251,277,15,92.66527777777777,9,18.466666666666665,6.177685185185185,0.33453168872843964,0.6
9003252,162,16,122.19583333333334,8,10.125,7.637239583333334,0.754295267489712,0.5
9003253,8,2,5.453055555555555,0,4,2.7265277777777777,0.6816319444444444,0
9003254,97,15,102.10888888888888,7,6.466666666666667,6.807259259259259,1.0526689576174113,0.4666666666666667
9003255,12,2,11.539444444444444,1,6,5.769722222222222,0.9616203703703703,0.5
9003258,58,15,97.16805555555555,11,3.8666666666666667,6.47787037037037,1.6753113026819924,0.7333333333333333
9003271,62,19,120.14027777777778,0,3.263157894736842,6.323172514619883,1.9377464157706092,0
9003272,76,17,67.44444444444444,11,4.470588235294118,3.9673202614379086,0.8874269005847953,0.6470588235294118
9003273,56,9,31.75722222222222,8,6.222222222222222,3.52858024691358,0.5670932539682539,0.8888888888888888
9003276,94,18,118.63138888888889,10,5.222222222222222,6.590632716049383,1.2620360520094562,0.5555555555555556
9003278,73,16,120.03888888888889,15,4.5625,7.502430555555556,1.6443683409436833,0.9375
9003287,53,18,56.248333333333335,14,2.9444444444444446,3.1249074074074077,1.0612893081761006,0.7777777777777778
9003289,29,12,17.765,8,2.4166666666666665,1.4804166666666667,0.6125862068965517,0.6666666666666666
9003291,19,11,42.70722222222222,0,1.7272727272727273,3.882474747474747,2.247748538011696,0
9003307,53,16,122.20694444444445,14,3.3125,7.637934027777778,2.3057914046121595,0.875
9003308,49,9,55.661944444444444,7,5.444444444444445,6.1846604938271605,1.1359580498866213,0.7777777777777778
9003309,60,21,157.53944444444446,15,2.857142857142857,7.501878306878307,2.6256574074074073,0.7142857142857143
9003316,5,2,3.1572222222222224,0,2.5,1.5786111111111112,0.6314444444444445,0
9003317,81,18,65.26611111111112,11,4.5,3.625895061728395,0.8057544581618655,0.6111111111111112
9003318,40,8,24.968888888888888,4,5,3.121111111111111,0.6242222222222222,0.5
9003320,44,18,100.15833333333333,11,2.4444444444444446,5.5643518518518515,2.2763257575757576,0.6111111111111112
9003322,110,15,74.99916666666667,8,7.333333333333333,4.999944444444444,0.6818106060606061,0.5333333333333333
9003330,56,13,115.53833333333333,11,4.3076923076923075,8.887564102564102,2.063184523809524,0.8461538461538461
9003335,44,13,68.82472222222222,0,3.3846153846153846,5.294209401709401,1.5641982323232324,0
9003341,68,13,109.05277777777778,8,5.230769230769231,8.388675213675214,1.6037173202614379,0.6153846153846154
9003343,131,16,101.54666666666667,7,8.1875,6.346666666666667,0.7751653944020356,0.4375
9003357,49,13,64.515,8,3.769230769230769,4.962692307692308,1.3166326530612245,0.6153846153846154
9003375,96,14,74.18416666666667,6,6.857142857142857,5.298869047619048,0.7727517361111111,0.42857142857142855
9003387,61,10,62.11333333333334,8,6.1,6.211333333333334,1.0182513661202186,0.8
9003394,67,15,106.57888888888888,14,4.466666666666667,7.105259259259259,1.5907296849087893,0.9333333333333333
9003397,55,18,109.60305555555556,13,3.0555555555555554,6.089058641975309,1.9927828282828284,0.7222222222222222
9003398,73,16,129.06194444444444,14,4.5625,8.066371527777777,1.7679718417047183,0.875
9003410,42,13,84.85833333333333,9,3.230769230769231,6.527564102564103,2.020436507936508,0.6923076923076923
9003414,3,2,7.352777777777778,0,1.5,3.676388888888889,2.450925925925926,0
9003425,76,17,130.5913888888889,10,4.470588235294118,7.681846405228759,1.7183077485380116,0.5882352941176471
9003428,80,11,49.678888888888885,6,7.2727272727272725,4.516262626262626,0.6209861111111111,0.5454545454545454
9003433,68,14,83.84833333333333,7,4.857142857142857,5.989166666666667,1.2330637254901962,0.5
9003434,72,18,91.87944444444445,11,4,5.104413580246914,1.2761033950617284,0.6111111111111112
9003435,109,13,80.115,11,8.384615384615385,6.162692307692307,0.735,0.8461538461538461
9003436,60,17,109.66861111111112,14,3.5294117647058822,6.451094771241831,1.8278101851851851,0.8235294117647058
9003442,56,17,119.5925,0,3.2941176470588234,7.034852941176471,2.135580357142857,0
9003448,69,18,131.37527777777777,46,3.8333333333333335,7.298626543209876,1.9039895330112722,2.5555555555555554
9003452,57,17,77.13638888888889,12,3.3529411764705883,4.537434640522876,1.3532699805068227,0.7058823529411765
9003459,45,17,105.3575,13,2.6470588235294117,6.1975,2.341277777777778,0.7647058823529411
9003476,135,16,111.75972222222222,11,8.4375,6.984982638888889,0.8278497942386831,0.6875
9003487,107,20,166.04055555555556,18,5.35,8.302027777777777,1.5517808930425754,0.9
9003490,39,11,94.55833333333334,8,3.5454545454545454,8.59621212121212,2.4245726495726494,0.7272727272727273
9003494,47,17,93.07055555555556,30,2.764705882352941,5.4747385620915034,1.980224586288416,1.7647058823529411
9003496,73,12,89.02027777777778,8,6.083333333333333,7.4183564814814815,1.2194558599695586,0.6666666666666666
9003497,35,10,41.55027777777778,7,3.5,4.155027777777778,1.1871507936507937,0.7
9003498,132,19,99.68888888888888,9,6.947368421052632,5.246783625730994,0.7552188552188552,0.47368421052631576
9003505,127,14,52.772222222222226,10,9.071428571428571,3.769444444444445,0.41552930883639544,0.7142857142857143
9003517,69,18,117.02861111111112,15,3.8333333333333335,6.50158950617284,1.6960668276972626,0.8333333333333334
9003518,44,19,118.96333333333334,14,2.3157894736842106,6.261228070175439,2.703712121212121,0.7368421052631579
9003526,62,15,61.48416666666667,8,4.133333333333334,4.098944444444444,0.9916801075268817,0.5333333333333333
9003533,128,15,86.0625,8,8.533333333333333,5.7375,0.67236328125,0.5333333333333333
9003534,81,16,91.64416666666666,12,5.0625,5.7277604166666665,1.1314094650205762,0.75
9003535,123,17,57.24305555555556,10,7.235294117647059,3.3672385620915035,0.4653906955736224,0.5882352941176471
9003538,58,10,80.32055555555556,5,5.8,8.032055555555555,1.3848371647509579,0.5
9003541,102,13,110.80388888888889,7,7.846153846153846,8.523376068376068,1.0863126361655773,0.5384615384615384
9003558,120,16,78.47444444444444,95,7.5,4.904652777777778,0.6539537037037038,5.9375
9003560,22,4,12.23111111111111,1,5.5,3.0577777777777775,0.555959595959596,0.25
9003569,34,9,66.69638888888889,0,3.7777777777777777,7.41070987654321,1.961658496732026,0
9003571,57,12,121.24305555555556,11,4.75,10.103587962962964,2.127071150097466,0.9166666666666666
9003572,63,17,118.68277777777779,0,3.7058823529411766,6.981339869281046,1.8838536155202823,0
9003573,86,14,112.53611111111111,11,6.142857142857143,8.038293650793651,1.308559431524548,0.7857142857142857
9003580,97,19,80.57083333333334,13,5.105263157894737,4.240570175438597,0.8306271477663231,0.6842105263157895
9003592,118,17,64.77694444444444,13,6.9411764705882355,3.810408496732026,0.5489571563088512,0.7647058823529411
9003597,151,15,71.32555555555555,7,10.066666666666666,4.755037037037037,0.47235467255334807,0.4666666666666667
9003615,1,1,0.13972222222222222,0,1,0.13972222222222222,0.13972222222222222,0
9003619,8,2,3.610555555555555,0,4,1.8052777777777775,0.4513194444444444,0
9003620,103,10,69.68972222222222,7,10.3,6.968972222222222,0.6765992448759439,0.7
9003624,120,15,91.40333333333334,8,8,6.093555555555556,0.7616944444444445,0.5333333333333333
9003629,2,1,0.2275,0,2,0.2275,0.11375,0
9003640,304,20,53.395833333333336,10,15.2,2.669791666666667,0.17564418859649122,0.5
9003658,13,4,21.725277777777777,3,3.25,5.431319444444444,1.6711752136752136,0.75
9003662,78,19,118.6913888888889,13,4.105263157894737,6.246915204678363,1.521684472934473,0.6842105263157895
9003664,40,14,101.87916666666666,0,2.857142857142857,7.277083333333333,2.5469791666666666,0
9003672,50,13,118.18027777777777,11,3.8461538461538463,9.090790598290598,2.3636055555555555,0.8461538461538461
9003673,66,17,130.89916666666667,12,3.8823529411764706,7.699950980392157,1.983320707070707,0.7058823529411765
9003681,109,13,86.45194444444445,8,8.384615384615385,6.650149572649573,0.7931371049949032,0.6153846153846154
9003684,44,10,63.659444444444446,7,4.4,6.365944444444445,1.4468055555555557,0.7
9003687,42,15,103.51861111111111,0,2.8,6.901240740740741,2.464728835978836,0
9003691,59,10,49.71611111111111,5,5.9,4.971611111111111,0.8426459510357815,0.5
9003693,42,8,73.87833333333333,0,5.25,9.234791666666666,1.7590079365079365,0
9003704,85,13,56.11694444444444,69,6.538461538461538,4.316688034188034,0.6601993464052287,5.3076923076923075
9003709,6,5,8.124722222222223,0,1.2,1.6249444444444445,1.3541203703703704,0
9003727,9,5,0.5611111111111111,4,1.8,0.11222222222222222,0.06234567901234568,0.8
9003732,150,17,68.67694444444444,123,8.823529411764707,4.039820261437908,0.4578462962962963,7.235294117647059
9003733,33,9,60.99611111111111,6,3.6666666666666665,6.777345679012345,1.8483670033670034,0.6666666666666666
9003735,81,13,61.77111111111111,8,6.230769230769231,4.751623931623931,0.7626063100137174,0.6153846153846154
9003738,82,16,104.93583333333333,64,5.125,6.558489583333333,1.2797052845528456,4
9003743,85,16,89.96694444444445,11,5.3125,5.622934027777778,1.0584346405228757,0.6875
9003746,50,18,128.27416666666667,0,2.7777777777777777,7.126342592592593,2.5654833333333333,0
9003750,105,16,119.1613888888889,87,6.5625,7.447586805555556,1.1348703703703704,5.4375
9003751,85,9,69.20444444444445,5,9.444444444444445,7.6893827160493835,0.8141699346405229,0.5555555555555556
9003757,27,10,20.72972222222222,9,2.7,2.072972222222222,0.7677674897119342,0.9
9003759,34,10,36.526666666666664,5,3.4,3.6526666666666663,1.074313725490196,0.5
9003770,198,15,117.51583333333333,9,13.2,7.834388888888889,0.5935143097643097,0.6
9003780,99,15,95.27388888888889,11,6.6,6.351592592592593,0.9623625140291807,0.7333333333333333
9003792,58,15,116.48416666666667,0,3.8666666666666667,7.765611111111111,2.0083477011494253,0
9003797,41,16,111.37833333333333,0,2.5625,6.961145833333333,2.7165447154471547,0
9003799,107,18,64.21194444444444,9,5.944444444444445,3.56733024691358,0.6001116303219107,0.5
9003800,22,10,17.828055555555554,7,2.2,1.7828055555555555,0.8103661616161616,0.7
9003810,152,18,103.35444444444444,11,8.444444444444445,5.741913580246913,0.6799634502923977,0.6111111111111112
9003811,84,11,66.64555555555556,61,7.636363636363637,6.058686868686869,0.7933994708994709,5.545454545454546
9003815,80,20,153.42055555555555,11,4,7.671027777777778,1.9177569444444444,0.55
9003816,162,15,133.675,8,10.8,8.911666666666667,0.8251543209876543,0.5333333333333333
9003817,95,18,138.77083333333334,9,5.277777777777778,7.709490740740741,1.4607456140350876,0.5
9003819,176,17,115.80333333333333,10,10.352941176470589,6.811960784313725,0.6579734848484848,0.5882352941176471
9003821,57,13,100.65138888888889,8,4.384615384615385,7.74241452991453,1.7658138401559453,0.6153846153846154
9003822,35,9,72.94222222222223,7,3.888888888888889,8.104691358024692,2.084063492063492,0.7777777777777778
9003823,116,12,61.95611111111111,5,9.666666666666666,5.163009259259259,0.5341044061302682,0.4166666666666667
9003828,55,16,69.06083333333333,13,3.4375,4.316302083333333,1.255651515151515,0.8125
9003831,6,2,5.198333333333333,0,3,2.5991666666666666,0.8663888888888889,0
9003832,112,13,106.17388888888888,8,8.615384615384615,8.167222222222222,0.9479811507936508,0.6153846153846154
9003839,29,11,65.4975,0,2.6363636363636362,5.954318181818182,2.2585344827586207,0
9003844,80,15,63.00972222222222,13,5.333333333333333,4.200648148148148,0.7876215277777778,0.8666666666666667
9003846,69,20,144.4788888888889,12,3.45,7.223944444444444,2.09389694041868,0.6
9003847,63,13,46.010555555555555,8,4.846153846153846,3.5392735042735044,0.730326278659612,0.6153846153846154
9003852,200,15,86.62055555555555,8,13.333333333333334,5.774703703703704,0.4331027777777778,0.5333333333333333
9003864,143,13,74.18555555555555,7,11,5.706581196581197,0.5187801087801088,0.5384615384615384
9003872,88,13,86.46972222222222,10,6.769230769230769,6.651517094017094,0.9826104797979798,0.7692307692307693
9003882,175,17,105.53694444444444,145,10.294117647058824,6.208055555555555,0.6030682539682539,8.529411764705882
9003886,179,18,81.87666666666667,7,9.944444444444445,4.548703703703704,0.4574115456238361,0.3888888888888889
9003887,52,15,124.19111111111111,12,3.466666666666667,8.279407407407408,2.3882905982905984,0.8
9003893,29,13,72.37416666666667,0,2.230769230769231,5.5672435897435895,2.4956609195402297,0
9003895,97,12,66.95194444444445,8,8.083333333333334,5.5793287037037045,0.6902262313860252,0.6666666666666666
9003913,50,10,67.50944444444444,6,5,6.750944444444444,1.3501888888888889,0.6
9003915,77,15,71.21194444444444,9,5.133333333333334,4.747462962962962,0.9248304473304474,0.6
9003917,69,17,113.84722222222223,11,4.0588235294117645,6.696895424836602,1.6499597423510468,0.6470588235294118
9003924,80,19,153.20194444444445,12,4.2105263157894735,8.063260233918129,1.9150243055555556,0.631578947368421
9003931,20,7,47.60388888888889,0,2.857142857142857,6.8005555555555555,2.3801944444444447,0
9003945,67,11,57.2725,7,6.090909090909091,5.2065909090909095,0.8548134328358209,0.6363636363636364
9003946,93,16,136.97333333333333,14,5.8125,8.560833333333333,1.472831541218638,0.875
9003950,205,16,107.30527777777777,9,12.8125,6.706579861111111,0.5234403794037941,0.5625
9003956,239,18,43.85,13,13.277777777777779,2.4361111111111113,0.18347280334728033,0.7222222222222222
9003957,128,16,130.8347222222222,7,8,8.177170138888888,1.022146267361111,0.4375
9003959,58,16,109.23416666666667,0,3.625,6.827135416666667,1.8833477011494253,0
9003960,71,9,37.88166666666667,6,7.888888888888889,4.209074074074074,0.5335446009389672,0.6666666666666666
9003961,208,20,140.74444444444444,9,10.4,7.037222222222222,0.67665598290598294,0.45
9003962,164,18,119.13138888888889,10,9.11111111111111,6.61841049382716,0.7264109078590786,0.5555555555555556
9003964,50,13,91.27666666666667,8,3.8461538461538463,7.021282051282052,1.8255333333333332,0.6153846153846154
9003965,18,7,44.8425,0,2.5714285714285716,6.406071428571429,2.49125,0
9003967,168,15,56.54277777777778,7,11.2,3.7695185185185185,0.3365641534391534,0.4666666666666667
9003968,72,18,105.35611111111112,7,4,5.853117283950618,1.4632793209876542,0.3888888888888889
9003970,121,22,157.0875,16,5.5,7.140340909090909,1.2982438016528925,0.7272727272727273
9003971,91,19,167.07055555555556,0,4.7894736842105265,8.793187134502924,1.835940170940171,0
9003973,62,20,124.35111111111111,12,3.1,6.217555555555555,2.005663082437276,0.6
9003974,64,15,54.4075,13,4.266666666666667,3.6271666666666667,0.8501171875,0.8666666666666667
9003980,185,20,147.67694444444444,10,9.25,7.383847222222222,0.7982537537537537,0.5
9003982,90,19,121.42555555555556,13,4.7368421052631575,6.390818713450293,1.3491728395061728,0.6842105263157895
9003983,70,18,104.38777777777779,8,3.888888888888889,5.799320987654322,1.4912539682539683,0.4444444444444444
9003986,87,16,132.39027777777778,13,5.4375,8.274392361111111,1.5217273307790549,0.8125
9003987,113,15,122.55416666666666,11,7.533333333333333,8.170277777777777,1.0845501474926253,0.7333333333333333
9003990,98,12,86.145,4,8.166666666666666,7.17875,0.879030612244898,0.3333333333333333
9003997,109,16,119.06194444444445,10,6.8125,7.441371527777778,1.0923114169215087,0.625
9003999,41,15,117.6675,0,2.7333333333333334,7.8445,2.869939024390244,0
9004014,102,19,110.16777777777777,11,5.368421052631579,5.798304093567251,1.0800762527233116,0.5789473684210527
9004017,81,17,124.0225,10,4.764705882352941,7.295441176470588,1.531141975308642,0.5882352941176471
9004018,39,9,69.82,4,4.333333333333333,7.757777777777777,1.7902564102564102,0.4444444444444444
9004019,79,8,68.25583333333333,5,9.875,8.531979166666666,0.8639978902953587,0.625
9004020,60,17,147.6675,10,3.5294117647058822,8.686323529411764,2.461125,0.5882352941176471
9004023,47,18,131.76555555555555,0,2.611111111111111,7.320308641975308,2.8035224586288416,0
9004024,50,14,108.60694444444445,0,3.5714285714285716,7.75763888888889,2.172138888888889,0
9004025,55,18,122.52916666666667,11,3.0555555555555554,6.807175925925926,2.2278030303030305,0.6111111111111112
9004027,154,20,113.84833333333333,11,7.7,5.6924166666666665,0.7392748917748918,0.55
9004028,73,19,118.92166666666667,13,3.8421052631578947,6.259035087719298,1.6290639269406393,0.6842105263157895
9004030,44,12,100.97583333333333,11,3.6666666666666665,8.414652777777777,2.294905303030303,0.9166666666666666
9004033,71,13,121.78972222222222,9,5.461538461538462,9.368440170940172,1.715348200312989,0.6923076923076923
9004035,49,18,109.33083333333333,0,2.7222222222222223,6.073935185185185,2.2312414965986394,0
9004037,50,15,55.865,11,3.3333333333333335,3.7243333333333335,1.1173,0.7333333333333333
9004038,75,14,149.37444444444444,60,5.357142857142857,10.669603174603173,1.9916592592592592,4.285714285714286
